<?xml version="1.0" encoding="utf-8" standalone="yes" ?>
<?xml-stylesheet type="text/xsl" href="../modx.prosilver.en.xsl"?>
<!--For security purposes, please check: http
://www.phpbb.com/mods/ for the latest version of this MOD. Although MODs are checked before being allowed in the MODs Database there is no guarantee that there are no security problems within the MOD. No support will be given for MODs not found within the MODs Database which can be found at http://www.phpbb.com/mods/-->
<mod xmlns:xsi="http://www.w3.org/2001/XMLSchema-instance" xmlns="http://www.phpbb.com/mods/xml/modx-1.2.5.xsd">
	<header>
		<license>http://opensource.org/licenses/gpl-license.php GNU General Public License v2</license>

		<title lang="en-gb">ReIMG Image Resizer</title>
		<title lang="pl">ReIMG Image Resizer</title>

		<description lang="en-gb">Install Polish language for ReIMG Image Resizer MOD</description>
		<description lang="pl">Instalacja języka polskiego dla ReIMG Image Resizer MOD</description>

		<author-group>
			<author>
				<username>pebumen</username>
				<contributions-group>
					<contributions status="current" position="Polish Translation"></contributions>			
				</contributions-group>
			</author>
			<author>
				<realname>David Colon</realname>
				<username>DavidIQ</username>
				<email>davidiq@phpbb.com</email>
				<homepage>http://phpbb.davidiq.com</homepage>
			</author>
		</author-group>

		<mod-version>2.0.1</mod-version>

		<installation>
			<level>easy</level>
			<time>300</time>
			<target-version>3.0.10</target-version>
		</installation>
		
		<link-group>
			<link type="parent" lang="en-gb" href="../install.xml">Main Installer</link>
			<link type="parent" lang="pl" href="../install.xml">Główny instalator</link>
		</link-group>
	</header>

	<action-group>
		<copy>
			<file from="root/language/pl/*.*" to="language/pl/*.*" />
		</copy>

	</action-group>
</mod>
